{"cameraMode":{"drawMode":0,"name":"Shaded","section":"Shading Mode"},"sceneLighting":false,"audioPlay":false,"sceneViewState":{"m_AlwaysRefresh":false,"showFog":true,"showSkybox":false,"showFlares":true,"showImageEffects":true,"showParticleSystems":true,"showVisualEffectGraphs":true,"m_FxEnabled":true},"in2DMode":false,"pivot":{"x":1.849535584449768,"y":0.030779069289565088,"z":-1.1068342924118043},"rotation":{"x":-0.06259125471115112,"y":0.9360629320144653,"z":-0.2175045609474182,"w":-0.26937058568000796},"size":0.5660253763198853,"orthographic":false}